Publication.title,General.area.of.coverage,canNo,startReel,endReel,startDate,endDate,Title.ID
"The Whitehaven Herald, and Cumberland Advertiser",Cumbria,6906,3,3,1855,,013901029
"The Whitehaven Herald, and Cumberland Advertiser",Cumbria,10151,8,8,1859,,013901029
"The Whitehaven Herald, and Cumberland Advertiser",Cumbria,11131,4,4,1876,,013901029
"The Whitehaven Herald, and Cumberland Advertiser",Cumbria,22662,4,4,1874 Jan 2,1874 Dec 19,013901029
"The Whitehaven Herald, and Cumberland Advertiser",Cumbria,22662,4,4,1873 Jan 1,1873 Dec 27,013901029
"The Whitehaven Herald, and Cumberland Advertiser",Cumbria,22662,4,4,1831 Aug 0,1832 Jul 31,013901029
"The Whitehaven Herald, and Cumberland Advertiser",Cumbria,22662,5,6,1832 Jul 0,1840 Nov 28,013901029
"The Whitehaven Herald, and Cumberland Advertiser",Cumbria,22662,7,7,1841 Feb 0,1845 Jul 19,013901029
"The Whitehaven Herald, and Cumberland Advertiser",Cumbria,22662,8,8,1846 Jun 0,1846 Dec 26,013901029
"The Whitehaven Herald, and Cumberland Advertiser",Cumbria,22662,8,8,1847 Apr 0,,013901029
"The Whitehaven Herald, and Cumberland Advertiser",Cumbria,22662,8,8,1847 Jul 1,1847 Dec 18,013901029
"The Whitehaven Herald, and Cumberland Advertiser",Cumbria,22662,8,8,1848 Jan 0,1849 Dec 22,013901029
"The Whitehaven Herald, and Cumberland Advertiser",Cumbria,22662,8,9,1850 Feb 0,1853 Dec 24,013901029
"The Whitehaven Herald, and Cumberland Advertiser",Cumbria,22662,9,9,1854 May 1,1854 Dec 02,013901029
"The Whitehaven Herald, and Cumberland Advertiser",Cumbria,22662,10,10,1855 Jan 0,1855 Dec 22,013901029
"The Whitehaven Herald, and Cumberland Advertiser",Cumbria,22662,10,10,1856 Jan 1,1856 Dec 06,013901029
"The Whitehaven Herald, and Cumberland Advertiser",Cumbria,22662,10,10,1857 Mar 1,1857 Apr 11,013901029
"The Whitehaven Herald, and Cumberland Advertiser",Cumbria,22662,10,10,1857 Oct 2,1857 Dec 19,013901029
"The Whitehaven Herald, and Cumberland Advertiser",Cumbria,22662,10,10,1858 Jan 0,1858 May 29,013901029
"The Whitehaven Herald, and Cumberland Advertiser",Cumbria,22662,10,10,1858 Jul 0,,013901029
"The Whitehaven Herald, and Cumberland Advertiser",Cumbria,22663,1,1,1858 Jul 0,1859 Dec 18,013901029
"The Whitehaven Herald, and Cumberland Advertiser",Cumbria,22663,1,1,1860 Feb 1,1860 Dec 29,013901029
"The Whitehaven Herald, and Cumberland Advertiser",Cumbria,22663,1,1,1861 Mar 0,1861 Aug 24,013901029
"The Whitehaven Herald, and Cumberland Advertiser",Cumbria,22663,2,2,1861 Sep 1,1862 Oct 11,013901029
"The Whitehaven Herald, and Cumberland Advertiser",Cumbria,22663,2,2,1863 Jan 0,,013901029
"The Whitehaven Herald, and Cumberland Advertiser",Cumbria,22663,2,2,1863 Feb 0,1864 Aug 13,013901029
"The Whitehaven Herald, and Cumberland Advertiser",Cumbria,22663,3,3,1864 Sep 0,1866 Dec 22,013901029
"The Whitehaven Herald, and Cumberland Advertiser",Cumbria,22663,4,4,1867 Jan 1,1869 Jul 17,013901029
"The Whitehaven Herald, and Cumberland Advertiser",Cumbria,22663,5,5,1869 Jul 0,1870 Jul 16,013901029
"The Whitehaven Herald, and Cumberland Advertiser",Cumbria,22663,5,5,1870 Sep 2,1871 Dec 30,013901029
"The Whitehaven Herald, and Cumberland Advertiser",Cumbria,22663,5,5,1872 Jan 1,1872 Jan 27,013901029
"The Whitehaven Herald, and Cumberland Advertiser",Cumbria,22663,6,6,1872 Jan 1,1872 Dec 28,013901029
"The Whitehaven Herald, and Cumberland Advertiser",Cumbria,22663,6,6,1874 Jan 1,1874 Dec 24,013901029
"The Whitehaven Herald, and Cumberland Advertiser",Cumbria,22663,6,6,1873 Jan 0,1873 Dec 27,013901029
"The Whitehaven Herald, and Cumberland Advertiser",Cumbria,22663,7,7,1836 Nov 3,1840 Nov 28,013901029
"The Whitehaven Herald, and Cumberland Advertiser",Cumbria,22663,7,7,1841 Feb 0,1841 Jun 26,013901029
"The Whitehaven Herald, and Cumberland Advertiser",Cumbria,22663,8,8,1841 Aug 2,1841 Dec 18,013901029
"The Whitehaven Herald, and Cumberland Advertiser",Cumbria,22663,8,8,1844 Jan 1,1844 Dec 21,013901029
"The Whitehaven Herald, and Cumberland Advertiser",Cumbria,22663,8,8,1845 Feb 1,1845 Dec 27,013901029
"The Whitehaven Herald, and Cumberland Advertiser",Cumbria,22663,8,8,1846 Mar 0,1846 May 30,013901029
"The Whitehaven Herald, and Cumberland Advertiser",Cumbria,22663,9,9,1846 Mar 0,1846 Dec 26,013901029
"The Whitehaven Herald, and Cumberland Advertiser",Cumbria,22663,9,10,1850 Feb 0,1853 Dec 24,013901029
"The Whitehaven Herald, and Cumberland Advertiser",Cumbria,22663,9,9,1847 Apr 0,,013901029
"The Whitehaven Herald, and Cumberland Advertiser",Cumbria,22663,9,9,1847 Jul 1,1847 Dec 18,013901029
"The Whitehaven Herald, and Cumberland Advertiser",Cumbria,22663,9,9,1848 Jan 0,1849 Aug 18,013901029
"The Whitehaven Herald, and Cumberland Advertiser",Cumbria,22663,10,10,1849 Aug 0,1849 Dec 22,013901029
"The Whitehaven Herald, and Cumberland Advertiser",Cumbria,22663,10,10,1854 May 1,1854 Dec 02,013901029
"The Whitehaven Herald, and Cumberland Advertiser",Cumbria,22663,10,10,1855 Jan 0,1855 Dec 29,013901029
"The Whitehaven Herald, and Cumberland Advertiser",Cumbria,22663,10,10,1856 Jan 1,,013901029
"The Whitehaven Herald, and Cumberland Advertiser",Cumbria,22664,1,1,1856 Jan 1,,013901029
"The Whitehaven Herald, and Cumberland Advertiser",Cumbria,22664,1,1,1856 Feb 0,1856 Apr 26,013901029
"The Whitehaven Herald, and Cumberland Advertiser",Cumbria,22664,1,1,1856 Jun 2,1856 Dec 26,013901029
"The Whitehaven Herald, and Cumberland Advertiser",Cumbria,22664,1,1,1857 Mar 0,1857 Apr 11,013901029
"The Whitehaven Herald, and Cumberland Advertiser",Cumbria,22664,1,1,1857 Oct 2,1858 May 29,013901029
"The Whitehaven Herald, and Cumberland Advertiser",Cumbria,22664,1,1,1858 Jul 0,1859 Dec 17,013901029
"The Whitehaven Herald, and Cumberland Advertiser",Cumbria,22664,2,2,1860 Feb 1,1860 Dec 29,013901029
"The Whitehaven Herald, and Cumberland Advertiser",Cumbria,22664,2,2,1861 Mar 0,1862 Oct 11,013901029
"The Whitehaven Herald, and Cumberland Advertiser",Cumbria,22664,3,6,1863 Jan 0,1870 Jul 16,013901029
"The Whitehaven Herald, and Cumberland Advertiser",Cumbria,22664,6,6,1870 Sep 2,1872 Dec 28,013901029
"The Whitehaven Herald, and Cumberland Advertiser",Cumbria,22691,1,1,1834 Jan 0,1836 Oct 18,013901029
"The Whitehaven Herald, and Cumberland Advertiser",Cumbria,22691,1,1,1845 Jul 1,1845 Dec 27,013901029
"Swansea and Glamorgan Herald, and South Wales Free Press",West Glamorgan,4645,2,2,1847 Jul 1,1848 Dec 27,013908572
"Swansea and Glamorgan Herald, and South Wales Free Press",West Glamorgan,3898,14,14,1849,,013908572
"Swansea and Glamorgan Herald, and South Wales Free Press",West Glamorgan,4645,3,3,1850 Jan 0,1851 Dec,013908572
"Swansea and Glamorgan Herald, and South Wales Free Press",West Glamorgan,4645,4,4,1854,1855,013908572
"Swansea and Glamorgan Herald, and South Wales Free Press",West Glamorgan,4645,5,5,1856,1857,013908572
"Swansea and Glamorgan Herald, and South Wales Free Press",West Glamorgan,4645,6,6,1858,1859,013908572
"Swansea and Glamorgan Herald, and South Wales Free Press",West Glamorgan,4645,7,7,1860,,013908572
"Swansea and Glamorgan Herald, and South Wales Free Press",West Glamorgan,4645,8,8,1861,,013908572
"Swansea and Glamorgan Herald, and South Wales Free Press",West Glamorgan,4645,9,9,1862,,013908572
"Swansea and Glamorgan Herald, and South Wales Free Press",West Glamorgan,4645,10,10,1863,,013908572
"Swansea and Glamorgan Herald, and South Wales Free Press",West Glamorgan,4645,11,11,1864,,013908572
"Swansea and Glamorgan Herald, and South Wales Free Press",West Glamorgan,4645,12,12,1865,,013908572
"Swansea and Glamorgan Herald, and South Wales Free Press",West Glamorgan,4645,13,13,1866,,013908572
"Swansea and Glamorgan Herald, and South Wales Free Press",West Glamorgan,4645,14,14,1867,,013908572
"Swansea and Glamorgan Herald, and South Wales Free Press",West Glamorgan,4646,1,1,1868,,013908572
"Swansea and Glamorgan Herald, and South Wales Free Press",West Glamorgan,4646,2,2,1869,,013908572
"Swansea and Glamorgan Herald, and South Wales Free Press",West Glamorgan,4646,3,3,1870,,013908572
"Swansea and Glamorgan Herald, and South Wales Free Press",West Glamorgan,4646,4,4,1871,,013908572
"Swansea and Glamorgan Herald, and South Wales Free Press",West Glamorgan,4646,5,5,1872,,013908572
"Swansea and Glamorgan Herald, and South Wales Free Press",West Glamorgan,4646,6,6,1873 Jan,1873 Jul 16,013908572
"Swansea and Glamorgan Herald, and South Wales Free Press",West Glamorgan,4646,7,7,1874 Jan 2,1874 Dec,013908572
"Swansea and Glamorgan Herald, and South Wales Free Press",West Glamorgan,4646,8,8,1875,,013908572
"Swansea and Glamorgan Herald, and South Wales Free Press",West Glamorgan,4646,9,9,1876,,013908572
"Swansea and Glamorgan Herald, and South Wales Free Press",West Glamorgan,4646,10,10,1877,,013908572
"Swansea and Glamorgan Herald, and South Wales Free Press",West Glamorgan,4646,11,11,1878,,013908572
"Swansea and Glamorgan Herald, and South Wales Free Press",West Glamorgan,4646,12,12,1879,,013908572
"Swansea and Glamorgan Herald, and South Wales Free Press",West Glamorgan,4646,13,13,1880,,013908572
"Swansea and Glamorgan Herald, and South Wales Free Press",West Glamorgan,4646,14,14,1881,,013908572
"Swansea and Glamorgan Herald, and South Wales Free Press",West Glamorgan,4646,15,15,1882,,013908572
"Swansea and Glamorgan Herald, and South Wales Free Press",West Glamorgan,4646,16,16,1883,,013908572
"Swansea and Glamorgan Herald, and South Wales Free Press",West Glamorgan,4646,17,17,1884,,013908572
"Swansea and Glamorgan Herald, and South Wales Free Press",West Glamorgan,4646,18,18,1885,,013908572
"Swansea and Glamorgan Herald, and South Wales Free Press",West Glamorgan,4647,1,1,1886,,013908572
"Swansea and Glamorgan Herald, and South Wales Free Press",West Glamorgan,4647,2,2,1887,,013908572
"Swansea and Glamorgan Herald, and South Wales Free Press",West Glamorgan,4647,3,3,1888,,013908572
"Swansea and Glamorgan Herald, and South Wales Free Press",West Glamorgan,4647,4,4,1889,,013908572
"Swansea and Glamorgan Herald, and South Wales Free Press",West Glamorgan,4647,5,5,1890,,013908572
"Swansea and Glamorgan Herald, and South Wales Free Press",West Glamorgan,21105,1,1,1852,1853,013908572
"Stockton Herald, South Durham and Cleveland Advertiser",Cleveland,8458,15,15,1858 Jul 1,1859 Dec 31,013894026
"Stockton Herald, South Durham and Cleveland Advertiser",Cleveland,7276,9,9,1860,,013894026
"Stockton Herald, South Durham and Cleveland Advertiser",Cleveland,8459,1,1,1861,1862,013894026
"Stockton Herald, South Durham and Cleveland Advertiser",Cleveland,7310,18,18,1863,,013894026
"Stockton Herald, South Durham and Cleveland Advertiser",Cleveland,8459,2,2,1864,1866,013894026
"Stockton Herald, South Durham and Cleveland Advertiser",Cleveland,8459,3,3,1867,1868,013894026
"Stockton Herald, South Durham and Cleveland Advertiser",Cleveland,972,5,5,1869,,013894026
"Stockton Herald, South Durham and Cleveland Advertiser",Cleveland,8459,4,4,1870,,013894026
"Stockton Herald, South Durham and Cleveland Advertiser",Cleveland,8459,5,5,1871,,013894026
"Stockton Herald, South Durham and Cleveland Advertiser",Cleveland,8459,6,6,1872,,013894026
"Stockton Herald, South Durham and Cleveland Advertiser",Cleveland,8459,7,7,1873,,013894026
"Stockton Herald, South Durham and Cleveland Advertiser",Cleveland,8459,8,8,1874,,013894026
"Stockton Herald, South Durham and Cleveland Advertiser",Cleveland,8459,9,9,1875,,013894026
"Stockton Herald, South Durham and Cleveland Advertiser",Cleveland,8459,10,10,1876,,013894026
"Stockton Herald, South Durham and Cleveland Advertiser",Cleveland,8459,11,11,1877,,013894026
"Stockton Herald, South Durham and Cleveland Advertiser",Cleveland,8459,12,12,1878,,013894026
"Stockton Herald, South Durham and Cleveland Advertiser",Cleveland,8459,13,13,1879,,013894026
"Stockton Herald, South Durham and Cleveland Advertiser",Cleveland,8459,14,14,1880,,013894026
"Stockton Herald, South Durham and Cleveland Advertiser",Cleveland,8460,1,1,1881,,013894026
"Stockton Herald, South Durham and Cleveland Advertiser",Cleveland,8460,2,2,1882,,013894026
"Stockton Herald, South Durham and Cleveland Advertiser",Cleveland,8460,3,3,1883,,013894026
"Stockton Herald, South Durham and Cleveland Advertiser",Cleveland,8460,4,4,1884,,013894026
"Stockton Herald, South Durham and Cleveland Advertiser",Cleveland,8460,5,5,1885,,013894026
"Stockton Herald, South Durham and Cleveland Advertiser",Cleveland,8460,6,6,1886,,013894026
"Stockton Herald, South Durham and Cleveland Advertiser",Cleveland,8460,7,7,1887,,013894026
"Stockton Herald, South Durham and Cleveland Advertiser",Cleveland,8460,8,8,1888,,013894026
"Stockton Herald, South Durham and Cleveland Advertiser",Cleveland,8460,9,9,1889,,013894026
"Stockton Herald, South Durham and Cleveland Advertiser",Cleveland,8460,10,10,1890,,013894026
"Stockton Herald, South Durham and Cleveland Advertiser",Cleveland,8460,11,11,1891,,013894026
"Stockton Herald, South Durham and Cleveland Advertiser",Cleveland,8460,12,12,1892 Jan 0,1892 Oct 01,013894026
"The Weymouth, Portland and Dorchester Telegram",Dorset,11710,1,1,1860 Mar 2,1861 Dec 26,013900990
"The Weymouth, Portland and Dorchester Telegram",Dorset,6434,14,14,1862,,013900990
"The Weymouth, Portland and Dorchester Telegram",Dorset,11710,2,2,1863,1864,013900990
"The Weymouth, Portland and Dorchester Telegram",Dorset,11710,3,3,1865,1866,013900990
"The Weymouth, Portland and Dorchester Telegram",Dorset,11710,4,4,1867,1868,013900990
"The Weymouth, Portland and Dorchester Telegram",Dorset,11710,5,5,1869,,013900990
"The Weymouth, Portland and Dorchester Telegram",Dorset,11710,6,6,1870,,013900990
"The Weymouth, Portland and Dorchester Telegram",Dorset,11710,7,7,1871,,013900990
"The Weymouth, Portland and Dorchester Telegram",Dorset,9662,11,11,1872,,013900990
"The Weymouth, Portland and Dorchester Telegram",Dorset,11710,8,8,1873,,013900990
"The Weymouth, Portland and Dorchester Telegram",Dorset,11655,14,14,1874,,013900990
"The Weymouth, Portland and Dorchester Telegram",Dorset,11710,9,9,1875,,013900990
"The Weymouth, Portland and Dorchester Telegram",Dorset,11710,10,10,1876,,013900990
"The Weymouth, Portland and Dorchester Telegram",Dorset,10700,15,15,1877,,013900990
"The Weymouth, Portland and Dorchester Telegram",Dorset,10485,12,12,1878,,013900990
"The Weymouth, Portland and Dorchester Telegram",Dorset,10346,7,7,1879,,013900990
"The Weymouth, Portland and Dorchester Telegram",Dorset,11710,11,11,1880,,013900990
"The Weymouth, Portland and Dorchester Telegram",Dorset,11710,12,12,1881,,013900990
"The Weymouth, Portland and Dorchester Telegram",Dorset,11939,8,8,1881,,013900990
"The Weymouth, Portland and Dorchester Telegram",Dorset,11712,3,3,1882,,013900990
"The Weymouth, Portland and Dorchester Telegram",Dorset,11910,15,15,1882,,013900990
"The Weymouth, Portland and Dorchester Telegram",Dorset,11712,4,4,1883,,013900990
"The Weymouth, Portland and Dorchester Telegram",Dorset,11712,5,6,1884,,013900990
"The Weymouth, Portland and Dorchester Telegram",Dorset,11712,7,7,1885,,013900990
"The Weymouth, Portland and Dorchester Telegram",Dorset,11712,8,8,1886 Jan 0,1886 May 14,013900990
The Merthyr Express and Advertiser for the Iron and Coal Districts of South Wales|The Merthyr Express and Advertiser for the Iron and Coal Districts of Wales,Mid Glamorgan,4643,1,1,1864,1866,013894491
The Merthyr Express and Advertiser for the Iron and Coal Districts of South Wales|The Merthyr Express and Advertiser for the Iron and Coal Districts of Wales,Mid Glamorgan,13612,1,1,1864 Nov 1,1865,013894491
The Merthyr Express and Advertiser for the Iron and Coal Districts of South Wales|The Merthyr Express and Advertiser for the Iron and Coal Districts of Wales,Mid Glamorgan,4643,2,2,1867,1868,013894491
The Merthyr Express and Advertiser for the Iron and Coal Districts of South Wales|The Merthyr Express and Advertiser for the Iron and Coal Districts of Wales,Mid Glamorgan,4643,3,3,1869,,013894491
The Merthyr Express and Advertiser for the Iron and Coal Districts of South Wales|The Merthyr Express and Advertiser for the Iron and Coal Districts of Wales,Mid Glamorgan,13612,2,2,1869,,013894491
The Merthyr Express and Advertiser for the Iron and Coal Districts of South Wales|The Merthyr Express and Advertiser for the Iron and Coal Districts of Wales,Mid Glamorgan,13573,1,1,1870,,013894491
The Merthyr Express and Advertiser for the Iron and Coal Districts of South Wales|The Merthyr Express and Advertiser for the Iron and Coal Districts of Wales,Mid Glamorgan,4643,4,4,1871 Jan 0,1871 Sep 30,013894491
The Merthyr Express and Advertiser for the Iron and Coal Districts of South Wales|The Merthyr Express and Advertiser for the Iron and Coal Districts of Wales,Mid Glamorgan,5190,12,12,1873,,013894491
The Merthyr Express and Advertiser for the Iron and Coal Districts of South Wales|The Merthyr Express and Advertiser for the Iron and Coal Districts of Wales,Mid Glamorgan,4643,5,5,1873 Jan 0,1873 Oct 11,013894491
The Merthyr Express and Advertiser for the Iron and Coal Districts of South Wales|The Merthyr Express and Advertiser for the Iron and Coal Districts of Wales,Mid Glamorgan,4813,3,3,1875,,013894491
The Merthyr Express and Advertiser for the Iron and Coal Districts of South Wales|The Merthyr Express and Advertiser for the Iron and Coal Districts of Wales,Mid Glamorgan,4813,4,4,1876,,013894491
The Merthyr Express and Advertiser for the Iron and Coal Districts of South Wales|The Merthyr Express and Advertiser for the Iron and Coal Districts of Wales,Mid Glamorgan,4813,5,5,1877,,013894491
The Merthyr Express and Advertiser for the Iron and Coal Districts of South Wales|The Merthyr Express and Advertiser for the Iron and Coal Districts of Wales,Mid Glamorgan,4813,6,6,1878,,013894491
The Merthyr Express and Advertiser for the Iron and Coal Districts of South Wales|The Merthyr Express and Advertiser for the Iron and Coal Districts of Wales,Mid Glamorgan,4813,7,7,1879,,013894491
The Merthyr Express and Advertiser for the Iron and Coal Districts of South Wales|The Merthyr Express and Advertiser for the Iron and Coal Districts of Wales,Mid Glamorgan,4813,8,8,1880,,013894491
The Merthyr Express and Advertiser for the Iron and Coal Districts of South Wales|The Merthyr Express and Advertiser for the Iron and Coal Districts of Wales,Mid Glamorgan,4813,9,9,1881 Jan,1881 Jun,013894491
"The Observer, Cradley Heath, Halesowen & District Chronicle",West Midlands,7392,15,15,1865,,013908384
"The Observer, Cradley Heath, Halesowen & District Chronicle",West Midlands,12991,11,11,1866 Jan,1866 Sep 29,013908384
"The Observer, Cradley Heath, Halesowen & District Chronicle",West Midlands,12991,10,10,1864 Jun 0,1864 Dec 31,013908384
Cradley Heath & Stourbridge Observer,West Midlands,12991,10,10,1864 Mar 2,1864 May 28,013908383
"The Stourbridge Observer, Cradley Heath, Halesowen & District Chronicle",West Midlands,12991,12,12,1867,,013908385
"The Stourbridge Observer, Cradley Heath, Halesowen & District Chronicle",West Midlands,12991,13,13,1868,,013908385
"The Stourbridge Observer, Cradley Heath, Halesowen & District Chronicle",West Midlands,12991,14,14,1869,,013908385
"The Stourbridge Observer, Cradley Heath, Halesowen & District Chronicle",West Midlands,12991,15,15,1870,,013908385
"The Stourbridge Observer, Cradley Heath, Halesowen & District Chronicle",West Midlands,12991,16,16,1871,,013908385
"The Stourbridge Observer, Cradley Heath, Halesowen & District Chronicle",West Midlands,12991,17,17,1872,,013908385
"The Stourbridge Observer, Cradley Heath, Halesowen & District Chronicle",West Midlands,12991,18,18,1873,,013908385
"The Stourbridge Observer, Cradley Heath, Halesowen & District Chronicle",West Midlands,12991,19,19,1874,,013908385
"The Stourbridge Observer, Cradley Heath, Halesowen & District Chronicle",West Midlands,11970,6,6,1877,,013908385
"The Stourbridge Observer, Cradley Heath, Halesowen & District Chronicle",West Midlands,12991,11,11,1866 Oct 0,1866 Dec,013908385
The Merthyr Express,Mid Glamorgan,4813,10,10,1882,,013894492
The Merthyr Express,Mid Glamorgan,4813,11,11,1883,,013894492
The Merthyr Express,Mid Glamorgan,4813,12,12,1884,,013894492
The Merthyr Express,Mid Glamorgan,4813,13,13,1885,,013894492
The Merthyr Express,Mid Glamorgan,4453,11,11,1886,,013894492
The Merthyr Express,Mid Glamorgan,4813,9,9,1881 Jul,1881 Dec,013894492
The Merthyr Express,Mid Glamorgan,4813,14,14,1886 Jan 0,1886 Feb 13,013894492
"The Merthyr Express, Aberdare and East Glamorgan Herald, Tredegar and West Monmouth Times",Mid Glamorgan,4813,14,14,1886 Feb 2,1886 Dec 25,013943828
"The Merthyr Express, Aberdare and East Glamorgan Herald, Tredegar and West Monmouth Times",Mid Glamorgan,4813,15,15,1887,,013943828
"The Merthyr Express, Aberdare and East Glamorgan Herald, Tredegar and West Monmouth Times",Mid Glamorgan,4813,16,16,1888,,013943828
"The Merthyr Express, Aberdare and East Glamorgan Herald, Tredegar and West Monmouth Times",Mid Glamorgan,4813,17,17,1889,,013943828
"The Merthyr Express, Aberdare and East Glamorgan Herald, Tredegar and West Monmouth Times",Mid Glamorgan,4814,1,1,1890,,013943828
"The Merthyr Express, Aberdare and East Glamorgan Herald, Tredegar and West Monmouth Times",Mid Glamorgan,4814,2,2,1891,,013943828
"The Merthyr Express, Aberdare and East Glamorgan Herald, Tredegar and West Monmouth Times",Mid Glamorgan,4814,3,3,1892,,013943828
"The Merthyr Express, Aberdare and East Glamorgan Herald, Tredegar and West Monmouth Times",Mid Glamorgan,4814,4,4,1893,,013943828
"The Merthyr Express, Aberdare and East Glamorgan Herald, Tredegar and West Monmouth Times",Mid Glamorgan,4814,5,5,1894,,013943828
"The Merthyr Express, Aberdare and East Glamorgan Herald, Tredegar and West Monmouth Times",Mid Glamorgan,4814,6,6,1895,,013943828
"The Merthyr Express, Aberdare and East Glamorgan Herald, Tredegar and West Monmouth Times",Mid Glamorgan,4814,7,7,1896,,013943828
"The Merthyr Express, Aberdare and East Glamorgan Herald, Tredegar and West Monmouth Times",Mid Glamorgan,4814,8,8,1897,,013943828
"The Merthyr Express, Aberdare and East Glamorgan Herald, Tredegar and West Monmouth Times",Mid Glamorgan,5190,13,13,1898,,013943828
"The Merthyr Express, Aberdare and East Glamorgan Herald, Tredegar and West Monmouth Times",Mid Glamorgan,4814,9,9,1899,,013943828
"The Merthyr Express, Aberdare and East Glamorgan Herald, Tredegar and West Monmouth Times",Mid Glamorgan,4643,6,6,1900,,013943828
"The Merthyr Express, Aberdare and East Glamorgan Herald, Tredegar and West Monmouth Times",Mid Glamorgan,4643,7,7,1901,,013943828
"The Merthyr Express, Aberdare and East Glamorgan Herald, Tredegar and West Monmouth Times",Mid Glamorgan,4643,8,8,1902,,013943828
"The Merthyr Express, Aberdare and East Glamorgan Herald, Tredegar and West Monmouth Times",Mid Glamorgan,4643,9,9,1903,,013943828
"The Merthyr Express, Aberdare and East Glamorgan Herald, Tredegar and West Monmouth Times",Mid Glamorgan,4643,10,10,1904,,013943828
"The Merthyr Express, Aberdare and East Glamorgan Herald, Tredegar and West Monmouth Times",Mid Glamorgan,4643,11,11,1905,,013943828
"The Merthyr Express, Aberdare and East Glamorgan Herald, Tredegar and West Monmouth Times",Mid Glamorgan,4643,12,12,1906,,013943828
"The Merthyr Express, Aberdare and East Glamorgan Herald, Tredegar and West Monmouth Times",Mid Glamorgan,4643,13,13,1907 Jan,1907 Jun,013943828
"The Merthyr Express, Aberdare and East Glamorgan Herald, Tredegar and West Monmouth Times",Mid Glamorgan,4643,14,14,1907 Jul,1907 Dec,013943828
"The Merthyr Express, Aberdare and East Glamorgan Herald, Tredegar and West Monmouth Times",Mid Glamorgan,4643,15,15,1908,,013943828
"The Merthyr Express, Aberdare and East Glamorgan Herald, Tredegar and West Monmouth Times",Mid Glamorgan,4645,1,1,1909,,013943828
"The Merthyr Express, Aberdare and East Glamorgan Herald, Tredegar and West Monmouth Times",Mid Glamorgan,6209,2,2,1910,,013943828
"The Merthyr Express, Aberdare and East Glamorgan Herald, Tredegar and West Monmouth Times",Mid Glamorgan,5190,14,14,1911,,013943828
"The Merthyr Express, Aberdare and East Glamorgan Herald, Tredegar and West Monmouth Times",Mid Glamorgan,6209,3,3,1912,,013943828
"The Merthyr Express, Aberdare and East Glamorgan Herald, Tredegar and West Monmouth Times",Mid Glamorgan,6209,4,4,1913,,013943828
"The Merthyr Express, Aberdare and East Glamorgan Herald, Tredegar and West Monmouth Times",Mid Glamorgan,6209,5,5,1914,,013943828
"The Merthyr Express, Aberdare and East Glamorgan Herald, Tredegar and West Monmouth Times",Mid Glamorgan,6209,6,6,1915,,013943828
"The Merthyr Express, Aberdare and East Glamorgan Herald, Tredegar and West Monmouth Times",Mid Glamorgan,6209,7,7,1916,,013943828
"The Merthyr Express, Aberdare and East Glamorgan Herald, Tredegar and West Monmouth Times",Mid Glamorgan,6209,8,8,1917,1918,013943828
"The Merthyr Express, Aberdare and East Glamorgan Herald, Tredegar and West Monmouth Times",Mid Glamorgan,6209,9,9,1919,,013943828
"The Merthyr Express, Aberdare and East Glamorgan Herald, Tredegar and West Monmouth Times",Mid Glamorgan,6210,1,1,1920,,013943828
"The Merthyr Express, Aberdare and East Glamorgan Herald, Tredegar and West Monmouth Times",Mid Glamorgan,6210,2,3,1921,,013943828
"The Merthyr Express, Aberdare and East Glamorgan Herald, Tredegar and West Monmouth Times",Mid Glamorgan,6210,4,5,1922,,013943828
"The Merthyr Express, Aberdare and East Glamorgan Herald, Tredegar and West Monmouth Times",Mid Glamorgan,6210,6,6,1923,,013943828
"The Merthyr Express, Aberdare and East Glamorgan Herald, Tredegar and West Monmouth Times",Mid Glamorgan,7295,1,1,1924,,013943828
"The Merthyr Express, Aberdare and East Glamorgan Herald, Tredegar and West Monmouth Times",Mid Glamorgan,7295,2,2,1925,,013943828
"The Merthyr Express, Aberdare and East Glamorgan Herald, Tredegar and West Monmouth Times",Mid Glamorgan,7295,3,3,1926,,013943828
"The Merthyr Express, Aberdare and East Glamorgan Herald, Tredegar and West Monmouth Times",Mid Glamorgan,7295,4,4,1927,,013943828
"The Merthyr Express, Aberdare and East Glamorgan Herald, Tredegar and West Monmouth Times",Mid Glamorgan,7295,5,5,1928,,013943828
"The Merthyr Express, Aberdare and East Glamorgan Herald, Tredegar and West Monmouth Times",Mid Glamorgan,7295,6,6,1929,,013943828
"The Merthyr Express, Aberdare and East Glamorgan Herald, Tredegar and West Monmouth Times",Mid Glamorgan,7295,7,7,1930,,013943828
"The Merthyr Express, Aberdare and East Glamorgan Herald, Tredegar and West Monmouth Times",Mid Glamorgan,7295,8,8,1931,,013943828
"The Merthyr Express, Aberdare and East Glamorgan Herald, Tredegar and West Monmouth Times",Mid Glamorgan,7295,9,9,1932,,013943828
"The Merthyr Express, Aberdare and East Glamorgan Herald, Tredegar and West Monmouth Times",Mid Glamorgan,7295,10,10,1933,,013943828
"The Merthyr Express, Aberdare and East Glamorgan Herald, Tredegar and West Monmouth Times",Mid Glamorgan,7294,1,2,1934,,013943828
"The Merthyr Express, Aberdare and East Glamorgan Herald, Tredegar and West Monmouth Times",Mid Glamorgan,7294,3,3,1935,,013943828
"The Merthyr Express, Aberdare and East Glamorgan Herald, Tredegar and West Monmouth Times",Mid Glamorgan,7294,4,4,1936,,013943828
"The Merthyr Express, Aberdare and East Glamorgan Herald, Tredegar and West Monmouth Times",Mid Glamorgan,7294,5,5,1937,,013943828
"The Merthyr Express, Aberdare and East Glamorgan Herald, Tredegar and West Monmouth Times",Mid Glamorgan,7294,6,6,1938,,013943828
"The Merthyr Express, Aberdare and East Glamorgan Herald, Tredegar and West Monmouth Times",Mid Glamorgan,7294,7,7,1939,,013943828
"The Merthyr Express, Aberdare and East Glamorgan Herald, Tredegar and West Monmouth Times",Mid Glamorgan,7294,8,8,1940,1941,013943828
"The Merthyr Express, Aberdare and East Glamorgan Herald, Tredegar and West Monmouth Times",Mid Glamorgan,7294,9,9,1942,1943,013943828
"The Merthyr Express, Aberdare and East Glamorgan Herald, Tredegar and West Monmouth Times",Mid Glamorgan,7294,10,10,1944,1945,013943828
"The Merthyr Express, Aberdare and East Glamorgan Herald, Tredegar and West Monmouth Times",Mid Glamorgan,7296,4,4,1946,1947,013943828
"The Merthyr Express, Aberdare and East Glamorgan Herald, Tredegar and West Monmouth Times",Mid Glamorgan,7296,5,5,1948,1949,013943828
"The Merthyr Express, Aberdare and East Glamorgan Herald, Tredegar and West Monmouth Times",Mid Glamorgan,7296,6,6,1950,,013943828
"The Merthyr Express, Aberdare and East Glamorgan Herald, Tredegar and West Monmouth Times",Mid Glamorgan,7296,7,7,1951,,013943828
"The Merthyr Express, Aberdare and East Glamorgan Herald, Tredegar and West Monmouth Times",Mid Glamorgan,7296,8,8,1952,,013943828
"The Merthyr Express, Aberdare and East Glamorgan Herald, Tredegar and West Monmouth Times",Mid Glamorgan,7296,9,9,1953,,013943828
"The Merthyr Express, Aberdare and East Glamorgan Herald, Tredegar and West Monmouth Times",Mid Glamorgan,7355,1,2,1986,,013943828
"The Merthyr Express, Aberdare and East Glamorgan Herald, Tredegar and West Monmouth Times",Mid Glamorgan,5639,7,8,1986,,013943828
"The Merthyr Express, Aberdare and East Glamorgan Herald, Tredegar and West Monmouth Times",Mid Glamorgan,8866,8,10,1987,,013943828
"The Merthyr Express, Aberdare and East Glamorgan Herald, Tredegar and West Monmouth Times",Mid Glamorgan,8879,4,6,1987,,013943828
"The Merthyr Express, Aberdare and East Glamorgan Herald, Tredegar and West Monmouth Times",Mid Glamorgan,9354,1,3,1988,,013943828
"The Merthyr Express, Aberdare and East Glamorgan Herald, Tredegar and West Monmouth Times",Mid Glamorgan,9319,1,3,1988,,013943828
"The Merthyr Express, Aberdare and East Glamorgan Herald, Tredegar and West Monmouth Times",Mid Glamorgan,10046,6,9,1989,,013943828
"The Merthyr Express, Aberdare and East Glamorgan Herald, Tredegar and West Monmouth Times",Mid Glamorgan,10054,12,14,1989,,013943828
"The Merthyr Express, Aberdare and East Glamorgan Herald, Tredegar and West Monmouth Times",Mid Glamorgan,10833,8,9,1990 Jan,1990 Aug 23,013943828
"The Merthyr Express, Aberdare and East Glamorgan Herald, Tredegar and West Monmouth Times",Mid Glamorgan,10833,10,10,1990 Oct 1,1990 Dec 27,013943828
"The Merthyr Express, Aberdare and East Glamorgan Herald, Tredegar and West Monmouth Times",Mid Glamorgan,10976,9,11,1990,,013943828
"The Merthyr Express, Aberdare and East Glamorgan Herald, Tredegar and West Monmouth Times",Mid Glamorgan,11812,9,9,1991 Jan 0,1991 May 02,013943828
"The Merthyr Express, Aberdare and East Glamorgan Herald, Tredegar and West Monmouth Times",Mid Glamorgan,11656,8,8,1991 Jan,1991 Mar,013943828
"The Merthyr Express, Aberdare and East Glamorgan Herald, Tredegar and West Monmouth Times",Mid Glamorgan,11656,9,9,1991 Apr,1991 Jun,013943828
"The Merthyr Express, Aberdare and East Glamorgan Herald, Tredegar and West Monmouth Times",Mid Glamorgan,11658,1,1,1991 Jul,1991 Dec,013943828
"The Merthyr Express, Aberdare and East Glamorgan Herald, Tredegar and West Monmouth Times",Mid Glamorgan,12139,3,4,1992,,013943828
"The Merthyr Express, Aberdare and East Glamorgan Herald, Tredegar and West Monmouth Times",Mid Glamorgan,13079,8,11,1993,,013943828
"The Merthyr Express, Aberdare and East Glamorgan Herald, Tredegar and West Monmouth Times",Mid Glamorgan,14592,1,3,1994,,013943828
"The Merthyr Express, Aberdare and East Glamorgan Herald, Tredegar and West Monmouth Times",Mid Glamorgan,15074,8,11,1995,,013943828
"The Merthyr Express, Aberdare and East Glamorgan Herald, Tredegar and West Monmouth Times",Mid Glamorgan,22193,8,12,2005,,013943828
"The Merthyr Express, Aberdare and East Glamorgan Herald, Tredegar and West Monmouth Times",Mid Glamorgan,22193,13,15,2006 Jan,2006 Jun,013943828
"The Merthyr Express, Aberdare and East Glamorgan Herald, Tredegar and West Monmouth Times",Mid Glamorgan,22194,1,2,2006 Jul,2006 Dec,013943828
"The Merthyr Express, Aberdare and East Glamorgan Herald, Tredegar and West Monmouth Times",Mid Glamorgan,22194,3,8,2007,,013943828
"The Merthyr Express, Aberdare and East Glamorgan Herald, Tredegar and West Monmouth Times",Mid Glamorgan,22194,9,14,2008,,013943828
"The Merthyr Express, Aberdare and East Glamorgan Herald, Tredegar and West Monmouth Times",Mid Glamorgan,22345,5,10,2009,,013943828
The Telegram,Dorset,11712,9,9,1886 May 2,1886 Dec 28,013900991
The Telegram,Dorset,11712,10,10,1887,,013900991
The Telegram,Dorset,11712,11,11,1888,,013900991
The Telegram,Dorset,11712,12,12,1889,,013900991
The Telegram,Dorset,11712,13,13,1890,,013900991
The Telegram,Dorset,11712,14,14,1891,,013900991
The Telegram,Dorset,11712,15,15,1892,,013900991
The Telegram,Dorset,11713,1,1,1893,,013900991
The Telegram,Dorset,11713,2,2,1894,,013900991
The Telegram,Dorset,11713,3,3,1895,,013900991
The Telegram,Dorset,11713,4,4,1896,,013900991
The Telegram,Dorset,1256,19,19,1897 May 1,1897 Dec 28,013900991
The Telegram,Dorset,11713,5,5,1899,,013900991
The Telegram,Dorset,11713,6,6,1900,,013900991
The Telegram,Dorset,11713,7,7,1901 Jan 0,1901 Jun 25,013900991
The North Cumberland Reformer,Cumbria,1498,8,8,1890 Apr 1,1890 Dec 25,013905829
The North Cumberland Reformer,Cumbria,11892,11,11,1892,,013905829
The North Cumberland Reformer,Cumbria,18616,7,7,1891,,013905829
The North Cumberland Reformer,Cumbria,18616,8,10,1893,1895,013905829
The Stockton & Thornaby Herald and South Durham Advertiser,Cleveland,8460,13,13,1893,,013894027
The Stockton & Thornaby Herald and South Durham Advertiser,Cleveland,8460,14,14,1894,,013894027
The Stockton & Thornaby Herald and South Durham Advertiser,Cleveland,8461,1,1,1895,,013894027
The Stockton & Thornaby Herald and South Durham Advertiser,Cleveland,8461,2,2,1896,,013894027
The Stockton & Thornaby Herald and South Durham Advertiser,Cleveland,8488,1,1,1897,,013894027
The Stockton & Thornaby Herald and South Durham Advertiser,Cleveland,8500,12,12,1898,,013894027
The Stockton & Thornaby Herald and South Durham Advertiser,Cleveland,8461,3,3,1899,,013894027
The Stockton & Thornaby Herald and South Durham Advertiser,Cleveland,8461,4,4,1900,,013894027
The Stockton & Thornaby Herald and South Durham Advertiser,Cleveland,8461,5,5,1901,,013894027
The Stockton & Thornaby Herald and South Durham Advertiser,Cleveland,8461,6,6,1902,,013894027
The Stockton & Thornaby Herald and South Durham Advertiser,Cleveland,8461,7,7,1903,,013894027
The Stockton & Thornaby Herald and South Durham Advertiser,Cleveland,8461,8,8,1904,,013894027
The Stockton & Thornaby Herald and South Durham Advertiser,Cleveland,8461,9,9,1905,,013894027
The Stockton & Thornaby Herald and South Durham Advertiser,Cleveland,8461,10,10,1906,,013894027
The Stockton & Thornaby Herald and South Durham Advertiser,Cleveland,8461,11,11,1907,,013894027
The Stockton & Thornaby Herald and South Durham Advertiser,Cleveland,8461,12,12,1908,,013894027
The Stockton & Thornaby Herald and South Durham Advertiser,Cleveland,8461,13,13,1909,,013894027
The Stockton & Thornaby Herald and South Durham Advertiser,Cleveland,980,4,4,1910 Jan 1,1910 Dec 31,013894027
The Stockton & Thornaby Herald and South Durham Advertiser,Cleveland,841,12,12,1911 Jan 0,1911 Nov 18,013894027
The Stockton & Thornaby Herald and South Durham Advertiser,Cleveland,9078,1,1,1912,,013894027
The Stockton & Thornaby Herald and South Durham Advertiser,Cleveland,9078,2,2,1913,,013894027
The Stockton & Thornaby Herald and South Durham Advertiser,Cleveland,9078,3,3,1914,,013894027
The Stockton & Thornaby Herald and South Durham Advertiser,Cleveland,9078,4,4,1915,,013894027
The Stockton & Thornaby Herald and South Durham Advertiser,Cleveland,9078,5,5,1916,,013894027
The Stockton & Thornaby Herald and South Durham Advertiser,Cleveland,9078,6,6,1917,,013894027
The Stockton & Thornaby Herald and South Durham Advertiser,Cleveland,9078,7,7,1918 Jan 0,1918 Apr 27,013894027
The Stockton & Thornaby Herald and South Durham Advertiser,Cleveland,8460,12,12,1892 Oct 0,1892 Dec 31,013894027
The Northern News,Cumbria,569,4,4,1898,,013905830
The Northern News,Cumbria,18616,11,12,1896,1897,013905830
The Weekly Journal,Cleveland,9597,5,5,1901 Nov 2,1902 Dec 26,013897666
The Weekly Journal,Cleveland,9597,6,6,1903,,013897666
The Weekly Journal,Cleveland,9597,7,7,1904,,013897666
The Weekly Journal,Cleveland,9597,8,9,1905,,013897666
The Weekly Journal,Cleveland,9597,10,11,1906,,013897666
The Weekly Journal,Cleveland,9597,12,13,1907,,013897666
The Weekly Journal,Cleveland,9597,14,15,1908,,013897666
The Weekly Journal,Cleveland,9597,16,16,1909 Jan 0,1909 Sep 17,013897666
The Weymouth Telegram,Dorset,11713,8,8,1902,,013900992
The Weymouth Telegram,Dorset,11713,9,9,1903,,013900992
The Weymouth Telegram,Dorset,11713,10,10,1904,,013900992
The Weymouth Telegram,Dorset,11713,11,11,1905,,013900992
The Weymouth Telegram,Dorset,11713,12,12,1906,,013900992
The Weymouth Telegram,Dorset,11713,13,13,1907,,013900992
The Weymouth Telegram,Dorset,11714,1,1,1908,,013900992
The Weymouth Telegram,Dorset,11714,2,2,1909,,013900992
The Weymouth Telegram,Dorset,11714,3,3,1910,,013900992
The Weymouth Telegram,Dorset,11714,4,4,1911,,013900992
The Weymouth Telegram,Dorset,11714,5,5,1913,,013900992
The Weymouth Telegram,Dorset,11714,6,6,1914,,013900992
The Weymouth Telegram,Dorset,11714,7,7,1915,,013900992
The Weymouth Telegram,Dorset,11714,8,8,1916,,013900992
The Weymouth Telegram,Dorset,11714,9,9,1917,,013900992
The Weymouth Telegram,Dorset,11714,10,10,1918,1919,013900992
The Weymouth Telegram,Dorset,11714,11,11,1920,,013900992
The Weymouth Telegram,Dorset,11714,12,12,1921,,013900992
The Weymouth Telegram,Dorset,11714,13,13,1922,,013900992
The Weymouth Telegram,Dorset,11714,14,14,1923,,013900992
The Weymouth Telegram,Dorset,11714,15,15,1924,,013900992
The Weymouth Telegram,Dorset,11714,16,16,1925,,013900992
The Weymouth Telegram,Dorset,11714,17,17,1926,,013900992
The Weymouth Telegram,Dorset,11718,6,6,1927 Jan 0,1927 Sep 30,013900992
The Weymouth Telegram,Dorset,11713,7,7,1901 Jul 0,1901 Dec 31,013900992
Stockton & Tees-side Herald,Cleveland,11193,1,1,1929 Jan 0,1929 Apr 27,013894028
Stockton & Tees-side Herald,Cleveland,9078,7,7,1918 May 0,1919 Dec 31,013894028